Workbook

Sheet Power Ratings
A1: Power Ratings — measured LED database
A2: Yellow cells are measurements/inputs. Green cells are calculated. Use a unique Rating Name because Device Template dropdowns use this field.
A4: Rating Name | B4: Nominal Voltage (V) | C4: Form / Type | D4: Chip / Protocol | E4: Channels | F4: Measured Qty | G4: Measured Supply (V) | H4: PSU Current Limit (A) | I4: Red Measured (A) | J4: Green Measured (A) | K4: Blue Measured (A) | L4: White Measured (A) | M4: Max Measured (A) | N4: Red A / LED | O4: Green A / LED | P4: Blue A / LED | Q4: White A / LED | R4: Max A / LED | S4: Red W / LED | T4: Green W / LED | U4: Blue W / LED | V4: White W / LED | W4: Max W / LED | X4: Notes
A5: 5V WS2812 Pebble | B5: 5 | C5: Pebble | D5: WS2812 | E5: 1 | F5: 100 | G5: 5 | H5: 5 | I5: 1.3 | J5: 1.3 | K5: 1.2 | L5: 2.4 | M5: 2.4 | N5: =IF(OR($F5="",$F5=0,I5=""),"",I5/$F5) -> 0.013 | O5: =IF(OR($F5="",$F5=0,J5=""),"",J5/$F5) -> 0.013 | P5: =IF(OR($F5="",$F5=0,K5=""),"",K5/$F5) -> 0.012 | Q5: =IF(OR($F5="",$F5=0,L5=""),"",L5/$F5) -> 0.024 | R5: =IF(OR($F5="",$F5=0,M5=""),"",M5/$F5) -> 0.024 | S5: =IF(OR($G5="",N5=""),"",$G5*N5) -> 0.065 | T5: =IF(OR($G5="",O5=""),"",$G5*O5) -> 0.065 | U5: =IF(OR($G5="",P5=""),"",$G5*P5) -> 0.06 | V5: =IF(OR($G5="",Q5=""),"",$G5*Q5) -> 0.12 | W5: =IF(OR($G5="",R5=""),"",$G5*R5) -> 0.12
N6: =IF(OR($F6="",$F6=0,I6=""),"",I6/$F6) | O6: =IF(OR($F6="",$F6=0,J6=""),"",J6/$F6) | P6: =IF(OR($F6="",$F6=0,K6=""),"",K6/$F6) | Q6: =IF(OR($F6="",$F6=0,L6=""),"",L6/$F6) | R6: =IF(OR($F6="",$F6=0,M6=""),"",M6/$F6) | S6: =IF(OR($G6="",N6=""),"",$G6*N6) | T6: =IF(OR($G6="",O6=""),"",$G6*O6) | U6: =IF(OR($G6="",P6=""),"",$G6*P6) | V6: =IF(OR($G6="",Q6=""),"",$G6*Q6) | W6: =IF(OR($G6="",R6=""),"",$G6*R6)
N7: =IF(OR($F7="",$F7=0,I7=""),"",I7/$F7) | O7: =IF(OR($F7="",$F7=0,J7=""),"",J7/$F7) | P7: =IF(OR($F7="",$F7=0,K7=""),"",K7/$F7) | Q7: =IF(OR($F7="",$F7=0,L7=""),"",L7/$F7) | R7: =IF(OR($F7="",$F7=0,M7=""),"",M7/$F7) | S7: =IF(OR($G7="",N7=""),"",$G7*N7) | T7: =IF(OR($G7="",O7=""),"",$G7*O7) | U7: =IF(OR($G7="",P7=""),"",$G7*P7) | V7: =IF(OR($G7="",Q7=""),"",$G7*Q7) | W7: =IF(OR($G7="",R7=""),"",$G7*R7)
N8: =IF(OR($F8="",$F8=0,I8=""),"",I8/$F8) | O8: =IF(OR($F8="",$F8=0,J8=""),"",J8/$F8) | P8: =IF(OR($F8="",$F8=0,K8=""),"",K8/$F8) | Q8: =IF(OR($F8="",$F8=0,L8=""),"",L8/$F8) | R8: =IF(OR($F8="",$F8=0,M8=""),"",M8/$F8) | S8: =IF(OR($G8="",N8=""),"",$G8*N8) | T8: =IF(OR($G8="",O8=""),"",$G8*O8) | U8: =IF(OR($G8="",P8=""),"",$G8*P8) | V8: =IF(OR($G8="",Q8=""),"",$G8*Q8) | W8: =IF(OR($G8="",R8=""),"",$G8*R8)
N9: =IF(OR($F9="",$F9=0,I9=""),"",I9/$F9) | O9: =IF(OR($F9="",$F9=0,J9=""),"",J9/$F9) | P9: =IF(OR($F9="",$F9=0,K9=""),"",K9/$F9) | Q9: =IF(OR($F9="",$F9=0,L9=""),"",L9/$F9) | R9: =IF(OR($F9="",$F9=0,M9=""),"",M9/$F9) | S9: =IF(OR($G9="",N9=""),"",$G9*N9) | T9: =IF(OR($G9="",O9=""),"",$G9*O9) | U9: =IF(OR($G9="",P9=""),"",$G9*P9) | V9: =IF(OR($G9="",Q9=""),"",$G9*Q9) | W9: =IF(OR($G9="",R9=""),"",$G9*R9)
N10: =IF(OR($F10="",$F10=0,I10=""),"",I10/$F10) | O10: =IF(OR($F10="",$F10=0,J10=""),"",J10/$F10) | P10: =IF(OR($F10="",$F10=0,K10=""),"",K10/$F10) | Q10: =IF(OR($F10="",$F10=0,L10=""),"",L10/$F10) | R10: =IF(OR($F10="",$F10=0,M10=""),"",M10/$F10) | S10: =IF(OR($G10="",N10=""),"",$G10*N10) | T10: =IF(OR($G10="",O10=""),"",$G10*O10) | U10: =IF(OR($G10="",P10=""),"",$G10*P10) | V10: =IF(OR($G10="",Q10=""),"",$G10*Q10) | W10: =IF(OR($G10="",R10=""),"",$G10*R10)
N11: =IF(OR($F11="",$F11=0,I11=""),"",I11/$F11) | O11: =IF(OR($F11="",$F11=0,J11=""),"",J11/$F11) | P11: =IF(OR($F11="",$F11=0,K11=""),"",K11/$F11) | Q11: =IF(OR($F11="",$F11=0,L11=""),"",L11/$F11) | R11: =IF(OR($F11="",$F11=0,M11=""),"",M11/$F11) | S11: =IF(OR($G11="",N11=""),"",$G11*N11) | T11: =IF(OR($G11="",O11=""),"",$G11*O11) | U11: =IF(OR($G11="",P11=""),"",$G11*P11) | V11: =IF(OR($G11="",Q11=""),"",$G11*Q11) | W11: =IF(OR($G11="",R11=""),"",$G11*R11)
N12: =IF(OR($F12="",$F12=0,I12=""),"",I12/$F12) | O12: =IF(OR($F12="",$F12=0,J12=""),"",J12/$F12) | P12: =IF(OR($F12="",$F12=0,K12=""),"",K12/$F12) | Q12: =IF(OR($F12="",$F12=0,L12=""),"",L12/$F12) | R12: =IF(OR($F12="",$F12=0,M12=""),"",M12/$F12) | S12: =IF(OR($G12="",N12=""),"",$G12*N12) | T12: =IF(OR($G12="",O12=""),"",$G12*O12) | U12: =IF(OR($G12="",P12=""),"",$G12*P12) | V12: =IF(OR($G12="",Q12=""),"",$G12*Q12) | W12: =IF(OR($G12="",R12=""),"",$G12*R12)
N13: =IF(OR($F13="",$F13=0,I13=""),"",I13/$F13) | O13: =IF(OR($F13="",$F13=0,J13=""),"",J13/$F13) | P13: =IF(OR($F13="",$F13=0,K13=""),"",K13/$F13) | Q13: =IF(OR($F13="",$F13=0,L13=""),"",L13/$F13) | R13: =IF(OR($F13="",$F13=0,M13=""),"",M13/$F13) | S13: =IF(OR($G13="",N13=""),"",$G13*N13) | T13: =IF(OR($G13="",O13=""),"",$G13*O13) | U13: =IF(OR($G13="",P13=""),"",$G13*P13) | V13: =IF(OR($G13="",Q13=""),"",$G13*Q13) | W13: =IF(OR($G13="",R13=""),"",$G13*R13)
N14: =IF(OR($F14="",$F14=0,I14=""),"",I14/$F14) | O14: =IF(OR($F14="",$F14=0,J14=""),"",J14/$F14) | P14: =IF(OR($F14="",$F14=0,K14=""),"",K14/$F14) | Q14: =IF(OR($F14="",$F14=0,L14=""),"",L14/$F14) | R14: =IF(OR($F14="",$F14=0,M14=""),"",M14/$F14) | S14: =IF(OR($G14="",N14=""),"",$G14*N14) | T14: =IF(OR($G14="",O14=""),"",$G14*O14) | U14: =IF(OR($G14="",P14=""),"",$G14*P14) | V14: =IF(OR($G14="",Q14=""),"",$G14*Q14) | W14: =IF(OR($G14="",R14=""),"",$G14*R14)
N15: =IF(OR($F15="",$F15=0,I15=""),"",I15/$F15) | O15: =IF(OR($F15="",$F15=0,J15=""),"",J15/$F15) | P15: =IF(OR($F15="",$F15=0,K15=""),"",K15/$F15) | Q15: =IF(OR($F15="",$F15=0,L15=""),"",L15/$F15) | R15: =IF(OR($F15="",$F15=0,M15=""),"",M15/$F15) | S15: =IF(OR($G15="",N15=""),"",$G15*N15) | T15: =IF(OR($G15="",O15=""),"",$G15*O15) | U15: =IF(OR($G15="",P15=""),"",$G15*P15) | V15: =IF(OR($G15="",Q15=""),"",$G15*Q15) | W15: =IF(OR($G15="",R15=""),"",$G15*R15)
N16: =IF(OR($F16="",$F16=0,I16=""),"",I16/$F16) | O16: =IF(OR($F16="",$F16=0,J16=""),"",J16/$F16) | P16: =IF(OR($F16="",$F16=0,K16=""),"",K16/$F16) | Q16: =IF(OR($F16="",$F16=0,L16=""),"",L16/$F16) | R16: =IF(OR($F16="",$F16=0,M16=""),"",M16/$F16) | S16: =IF(OR($G16="",N16=""),"",$G16*N16) | T16: =IF(OR($G16="",O16=""),"",$G16*O16) | U16: =IF(OR($G16="",P16=""),"",$G16*P16) | V16: =IF(OR($G16="",Q16=""),"",$G16*Q16) | W16: =IF(OR($G16="",R16=""),"",$G16*R16)
N17: =IF(OR($F17="",$F17=0,I17=""),"",I17/$F17) | O17: =IF(OR($F17="",$F17=0,J17=""),"",J17/$F17) | P17: =IF(OR($F17="",$F17=0,K17=""),"",K17/$F17) | Q17: =IF(OR($F17="",$F17=0,L17=""),"",L17/$F17) | R17: =IF(OR($F17="",$F17=0,M17=""),"",M17/$F17) | S17: =IF(OR($G17="",N17=""),"",$G17*N17) | T17: =IF(OR($G17="",O17=""),"",$G17*O17) | U17: =IF(OR($G17="",P17=""),"",$G17*P17) | V17: =IF(OR($G17="",Q17=""),"",$G17*Q17) | W17: =IF(OR($G17="",R17=""),"",$G17*R17)
... N104: =IF(OR($F104="",$F104=0,I104=""),"",I104/$F104) | O104: =IF(OR($F104="",$F104=0,J104=""),"",J104/$F104) | P104: =IF(OR($F104="",$F104=0,K104=""),"",K104/$F104) | Q104: =IF(OR($F104="",$F104=0,L104=""),"",L104/$F104) | R104: =IF(OR($F104="",$F104=0,M104=""),"",M104/$F104) | S104: =IF(OR($G104="",N104=""),"",$G104*N104) | T104: =IF(OR($G104="",O104=""),"",$G104*O104) | U104: =IF(OR($G104="",P104=""),"",$G104*P104) | V104: =IF(OR($G104="",Q104=""),"",$G104*Q104) | W104: =IF(OR($G104="",R104=""),"",$G104*R104)

Sheet Device Template
A1: Device PSU Design Template
A3: Device Name | B3: Copy this sheet and rename it
A4: PSU Headroom | B4: 0.2
A5: Total LEDs | B5: =SUM(E9:E40) -> 0
A7: Design Lines
A8: Types | B8: LED Rating | C8: Outputs / Runs | D8: LEDs / Output | E8: Total LEDs | F8: Voltage (V) | G8: Red (A) | H8: Green (A) | I8: Blue (A) | J8: White (A) | K8: Max (A) | L8: Max (W) | M8: Notes
A9: 1 | E9: =IF(OR(C9="",D9=""),"",C9*D9) | F9: =IFERROR(INDEX('Power Ratings'!$B$5:$B$104,MATCH($B9,'Power Ratings'!$A$5:$A$104,0)),"") | G9: =IF(OR($B9="",$E9=""),"",IFERROR($E9*INDEX('Power Ratings'!$N$5:$N$104,MATCH($B9,'Power Ratings'!$A$5:$A$104,0)),"")) | H9: =IF(OR($B9="",$E9=""),"",IFERROR($E9*INDEX('Power Ratings'!$O$5:$O$104,MATCH($B9,'Power Ratings'!$A$5:$A$104,0)),"")) | I9: =IF(OR($B9="",$E9=""),"",IFERROR($E9*INDEX('Power Ratings'!$P$5:$P$104,MATCH($B9,'Power Ratings'!$A$5:$A$104,0)),"")) | J9: =IF(OR($B9="",$E9=""),"",IFERROR($E9*INDEX('Power Ratings'!$Q$5:$Q$104,MATCH($B9,'Power Ratings'!$A$5:$A$104,0)),"")) | K9: =IF(OR($B9="",$E9=""),"",IFERROR($E9*INDEX('Power Ratings'!$R$5:$R$104,MATCH($B9,'Power Ratings'!$A$5:$A$104,0)),"")) | L9: =IF(OR(F9="",K9=""),"",F9*K9)
A10: 2 | E10: =IF(OR(C10="",D10=""),"",C10*D10) | F10: =IFERROR(INDEX('Power Ratings'!$B$5:$B$104,MATCH($B10,'Power Ratings'!$A$5:$A$104,0)),"") | G10: =IF(OR($B10="",$E10=""),"",IFERROR($E10*INDEX('Power Ratings'!$N$5:$N$104,MATCH($B10,'Power Ratings'!$A$5:$A$104,0)),"")) | H10: =IF(OR($B10="",$E10=""),"",IFERROR($E10*INDEX('Power Ratings'!$O$5:$O$104,MATCH($B10,'Power Ratings'!$A$5:$A$104,0)),"")) | I10: =IF(OR($B10="",$E10=""),"",IFERROR($E10*INDEX('Power Ratings'!$P$5:$P$104,MATCH($B10,'Power Ratings'!$A$5:$A$104,0)),"")) | J10: =IF(OR($B10="",$E10=""),"",IFERROR($E10*INDEX('Power Ratings'!$Q$5:$Q$104,MATCH($B10,'Power Ratings'!$A$5:$A$104,0)),"")) | K10: =IF(OR($B10="",$E10=""),"",IFERROR($E10*INDEX('Power Ratings'!$R$5:$R$104,MATCH($B10,'Power Ratings'!$A$5:$A$104,0)),"")) | L10: =IF(OR(F10="",K10=""),"",F10*K10)
A11: 3 | E11: =IF(OR(C11="",D11=""),"",C11*D11) | F11: =IFERROR(INDEX('Power Ratings'!$B$5:$B$104,MATCH($B11,'Power Ratings'!$A$5:$A$104,0)),"") | G11: =IF(OR($B11="",$E11=""),"",IFERROR($E11*INDEX('Power Ratings'!$N$5:$N$104,MATCH($B11,'Power Ratings'!$A$5:$A$104,0)),"")) | H11: =IF(OR($B11="",$E11=""),"",IFERROR($E11*INDEX('Power Ratings'!$O$5:$O$104,MATCH($B11,'Power Ratings'!$A$5:$A$104,0)),"")) | I11: =IF(OR($B11="",$E11=""),"",IFERROR($E11*INDEX('Power Ratings'!$P$5:$P$104,MATCH($B11,'Power Ratings'!$A$5:$A$104,0)),"")) | J11: =IF(OR($B11="",$E11=""),"",IFERROR($E11*INDEX('Power Ratings'!$Q$5:$Q$104,MATCH($B11,'Power Ratings'!$A$5:$A$104,0)),"")) | K11: =IF(OR($B11="",$E11=""),"",IFERROR($E11*INDEX('Power Ratings'!$R$5:$R$104,MATCH($B11,'Power Ratings'!$A$5:$A$104,0)),"")) | L11: =IF(OR(F11="",K11=""),"",F11*K11)
A12: 4 | E12: =IF(OR(C12="",D12=""),"",C12*D12) | F12: =IFERROR(INDEX('Power Ratings'!$B$5:$B$104,MATCH($B12,'Power Ratings'!$A$5:$A$104,0)),"") | G12: =IF(OR($B12="",$E12=""),"",IFERROR($E12*INDEX('Power Ratings'!$N$5:$N$104,MATCH($B12,'Power Ratings'!$A$5:$A$104,0)),"")) | H12: =IF(OR($B12="",$E12=""),"",IFERROR($E12*INDEX('Power Ratings'!$O$5:$O$104,MATCH($B12,'Power Ratings'!$A$5:$A$104,0)),"")) | I12: =IF(OR($B12="",$E12=""),"",IFERROR($E12*INDEX('Power Ratings'!$P$5:$P$104,MATCH($B12,'Power Ratings'!$A$5:$A$104,0)),"")) | J12: =IF(OR($B12="",$E12=""),"",IFERROR($E12*INDEX('Power Ratings'!$Q$5:$Q$104,MATCH($B12,'Power Ratings'!$A$5:$A$104,0)),"")) | K12: =IF(OR($B12="",$E12=""),"",IFERROR($E12*INDEX('Power Ratings'!$R$5:$R$104,MATCH($B12,'Power Ratings'!$A$5:$A$104,0)),"")) | L12: =IF(OR(F12="",K12=""),"",F12*K12)
A13: 5 | E13: =IF(OR(C13="",D13=""),"",C13*D13) | F13: =IFERROR(INDEX('Power Ratings'!$B$5:$B$104,MATCH($B13,'Power Ratings'!$A$5:$A$104,0)),"") | G13: =IF(OR($B13="",$E13=""),"",IFERROR($E13*INDEX('Power Ratings'!$N$5:$N$104,MATCH($B13,'Power Ratings'!$A$5:$A$104,0)),"")) | H13: =IF(OR($B13="",$E13=""),"",IFERROR($E13*INDEX('Power Ratings'!$O$5:$O$104,MATCH($B13,'Power Ratings'!$A$5:$A$104,0)),"")) | I13: =IF(OR($B13="",$E13=""),"",IFERROR($E13*INDEX('Power Ratings'!$P$5:$P$104,MATCH($B13,'Power Ratings'!$A$5:$A$104,0)),"")) | J13: =IF(OR($B13="",$E13=""),"",IFERROR($E13*INDEX('Power Ratings'!$Q$5:$Q$104,MATCH($B13,'Power Ratings'!$A$5:$A$104,0)),"")) | K13: =IF(OR($B13="",$E13=""),"",IFERROR($E13*INDEX('Power Ratings'!$R$5:$R$104,MATCH($B13,'Power Ratings'!$A$5:$A$104,0)),"")) | L13: =IF(OR(F13="",K13=""),"",F13*K13)
A14: 6 | E14: =IF(OR(C14="",D14=""),"",C14*D14) | F14: =IFERROR(INDEX('Power Ratings'!$B$5:$B$104,MATCH($B14,'Power Ratings'!$A$5:$A$104,0)),"") | G14: =IF(OR($B14="",$E14=""),"",IFERROR($E14*INDEX('Power Ratings'!$N$5:$N$104,MATCH($B14,'Power Ratings'!$A$5:$A$104,0)),"")) | H14: =IF(OR($B14="",$E14=""),"",IFERROR($E14*INDEX('Power Ratings'!$O$5:$O$104,MATCH($B14,'Power Ratings'!$A$5:$A$104,0)),"")) | I14: =IF(OR($B14="",$E14=""),"",IFERROR($E14*INDEX('Power Ratings'!$P$5:$P$104,MATCH($B14,'Power Ratings'!$A$5:$A$104,0)),"")) | J14: =IF(OR($B14="",$E14=""),"",IFERROR($E14*INDEX('Power Ratings'!$Q$5:$Q$104,MATCH($B14,'Power Ratings'!$A$5:$A$104,0)),"")) | K14: =IF(OR($B14="",$E14=""),"",IFERROR($E14*INDEX('Power Ratings'!$R$5:$R$104,MATCH($B14,'Power Ratings'!$A$5:$A$104,0)),"")) | L14: =IF(OR(F14="",K14=""),"",F14*K14)
A15: 7 | E15: =IF(OR(C15="",D15=""),"",C15*D15) | F15: =IFERROR(INDEX('Power Ratings'!$B$5:$B$104,MATCH($B15,'Power Ratings'!$A$5:$A$104,0)),"") | G15: =IF(OR($B15="",$E15=""),"",IFERROR($E15*INDEX('Power Ratings'!$N$5:$N$104,MATCH($B15,'Power Ratings'!$A$5:$A$104,0)),"")) | H15: =IF(OR($B15="",$E15=""),"",IFERROR($E15*INDEX('Power Ratings'!$O$5:$O$104,MATCH($B15,'Power Ratings'!$A$5:$A$104,0)),"")) | I15: =IF(OR($B15="",$E15=""),"",IFERROR($E15*INDEX('Power Ratings'!$P$5:$P$104,MATCH($B15,'Power Ratings'!$A$5:$A$104,0)),"")) | J15: =IF(OR($B15="",$E15=""),"",IFERROR($E15*INDEX('Power Ratings'!$Q$5:$Q$104,MATCH($B15,'Power Ratings'!$A$5:$A$104,0)),"")) | K15: =IF(OR($B15="",$E15=""),"",IFERROR($E15*INDEX('Power Ratings'!$R$5:$R$104,MATCH($B15,'Power Ratings'!$A$5:$A$104,0)),"")) | L15: =IF(OR(F15="",K15=""),"",F15*K15)
A16: 8 | E16: =IF(OR(C16="",D16=""),"",C16*D16) | F16: =IFERROR(INDEX('Power Ratings'!$B$5:$B$104,MATCH($B16,'Power Ratings'!$A$5:$A$104,0)),"") | G16: =IF(OR($B16="",$E16=""),"",IFERROR($E16*INDEX('Power Ratings'!$N$5:$N$104,MATCH($B16,'Power Ratings'!$A$5:$A$104,0)),"")) | H16: =IF(OR($B16="",$E16=""),"",IFERROR($E16*INDEX('Power Ratings'!$O$5:$O$104,MATCH($B16,'Power Ratings'!$A$5:$A$104,0)),"")) | I16: =IF(OR($B16="",$E16=""),"",IFERROR($E16*INDEX('Power Ratings'!$P$5:$P$104,MATCH($B16,'Power Ratings'!$A$5:$A$104,0)),"")) | J16: =IF(OR($B16="",$E16=""),"",IFERROR($E16*INDEX('Power Ratings'!$Q$5:$Q$104,MATCH($B16,'Power Ratings'!$A$5:$A$104,0)),"")) | K16: =IF(OR($B16="",$E16=""),"",IFERROR($E16*INDEX('Power Ratings'!$R$5:$R$104,MATCH($B16,'Power Ratings'!$A$5:$A$104,0)),"")) | L16: =IF(OR(F16="",K16=""),"",F16*K16)
A17: 9 | E17: =IF(OR(C17="",D17=""),"",C17*D17) | F17: =IFERROR(INDEX('Power Ratings'!$B$5:$B$104,MATCH($B17,'Power Ratings'!$A$5:$A$104,0)),"") | G17: =IF(OR($B17="",$E17=""),"",IFERROR($E17*INDEX('Power Ratings'!$N$5:$N$104,MATCH($B17,'Power Ratings'!$A$5:$A$104,0)),"")) | H17: =IF(OR($B17="",$E17=""),"",IFERROR($E17*INDEX('Power Ratings'!$O$5:$O$104,MATCH($B17,'Power Ratings'!$A$5:$A$104,0)),"")) | I17: =IF(OR($B17="",$E17=""),"",IFERROR($E17*INDEX('Power Ratings'!$P$5:$P$104,MATCH($B17,'Power Ratings'!$A$5:$A$104,0)),"")) | J17: =IF(OR($B17="",$E17=""),"",IFERROR($E17*INDEX('Power Ratings'!$Q$5:$Q$104,MATCH($B17,'Power Ratings'!$A$5:$A$104,0)),"")) | K17: =IF(OR($B17="",$E17=""),"",IFERROR($E17*INDEX('Power Ratings'!$R$5:$R$104,MATCH($B17,'Power Ratings'!$A$5:$A$104,0)),"")) | L17: =IF(OR(F17="",K17=""),"",F17*K17)
A18: 10 | E18: =IF(OR(C18="",D18=""),"",C18*D18) | F18: =IFERROR(INDEX('Power Ratings'!$B$5:$B$104,MATCH($B18,'Power Ratings'!$A$5:$A$104,0)),"") | G18: =IF(OR($B18="",$E18=""),"",IFERROR($E18*INDEX('Power Ratings'!$N$5:$N$104,MATCH($B18,'Power Ratings'!$A$5:$A$104,0)),"")) | H18: =IF(OR($B18="",$E18=""),"",IFERROR($E18*INDEX('Power Ratings'!$O$5:$O$104,MATCH($B18,'Power Ratings'!$A$5:$A$104,0)),"")) | I18: =IF(OR($B18="",$E18=""),"",IFERROR($E18*INDEX('Power Ratings'!$P$5:$P$104,MATCH($B18,'Power Ratings'!$A$5:$A$104,0)),"")) | J18: =IF(OR($B18="",$E18=""),"",IFERROR($E18*INDEX('Power Ratings'!$Q$5:$Q$104,MATCH($B18,'Power Ratings'!$A$5:$A$104,0)),"")) | K18: =IF(OR($B18="",$E18=""),"",IFERROR($E18*INDEX('Power Ratings'!$R$5:$R$104,MATCH($B18,'Power Ratings'!$A$5:$A$104,0)),"")) | L18: =IF(OR(F18="",K18=""),"",F18*K18)
A19: 11 | E19: =IF(OR(C19="",D19=""),"",C19*D19) | F19: =IFERROR(INDEX('Power Ratings'!$B$5:$B$104,MATCH($B19,'Power Ratings'!$A$5:$A$104,0)),"") | G19: =IF(OR($B19="",$E19=""),"",IFERROR($E19*INDEX('Power Ratings'!$N$5:$N$104,MATCH($B19,'Power Ratings'!$A$5:$A$104,0)),"")) | H19: =IF(OR($B19="",$E19=""),"",IFERROR($E19*INDEX('Power Ratings'!$O$5:$O$104,MATCH($B19,'Power Ratings'!$A$5:$A$104,0)),"")) | I19: =IF(OR($B19="",$E19=""),"",IFERROR($E19*INDEX('Power Ratings'!$P$5:$P$104,MATCH($B19,'Power Ratings'!$A$5:$A$104,0)),"")) | J19: =IF(OR($B19="",$E19=""),"",IFERROR($E19*INDEX('Power Ratings'!$Q$5:$Q$104,MATCH($B19,'Power Ratings'!$A$5:$A$104,0)),"")) | K19: =IF(OR($B19="",$E19=""),"",IFERROR($E19*INDEX('Power Ratings'!$R$5:$R$104,MATCH($B19,'Power Ratings'!$A$5:$A$104,0)),"")) | L19: =IF(OR(F19="",K19=""),"",F19*K19)
A20: 12 | E20: =IF(OR(C20="",D20=""),"",C20*D20) | F20: =IFERROR(INDEX('Power Ratings'!$B$5:$B$104,MATCH($B20,'Power Ratings'!$A$5:$A$104,0)),"") | G20: =IF(OR($B20="",$E20=""),"",IFERROR($E20*INDEX('Power Ratings'!$N$5:$N$104,MATCH($B20,'Power Ratings'!$A$5:$A$104,0)),"")) | H20: =IF(OR($B20="",$E20=""),"",IFERROR($E20*INDEX('Power Ratings'!$O$5:$O$104,MATCH($B20,'Power Ratings'!$A$5:$A$104,0)),"")) | I20: =IF(OR($B20="",$E20=""),"",IFERROR($E20*INDEX('Power Ratings'!$P$5:$P$104,MATCH($B20,'Power Ratings'!$A$5:$A$104,0)),"")) | J20: =IF(OR($B20="",$E20=""),"",IFERROR($E20*INDEX('Power Ratings'!$Q$5:$Q$104,MATCH($B20,'Power Ratings'!$A$5:$A$104,0)),"")) | K20: =IF(OR($B20="",$E20=""),"",IFERROR($E20*INDEX('Power Ratings'!$R$5:$R$104,MATCH($B20,'Power Ratings'!$A$5:$A$104,0)),"")) | L20: =IF(OR(F20="",K20=""),"",F20*K20)
... A40: 32 | E40: =IF(OR(C40="",D40=""),"",C40*D40) | F40: =IFERROR(INDEX('Power Ratings'!$B$5:$B$104,MATCH($B40,'Power Ratings'!$A$5:$A$104,0)),"") | G40: =IF(OR($B40="",$E40=""),"",IFERROR($E40*INDEX('Power Ratings'!$N$5:$N$104,MATCH($B40,'Power Ratings'!$A$5:$A$104,0)),"")) | H40: =IF(OR($B40="",$E40=""),"",IFERROR($E40*INDEX('Power Ratings'!$O$5:$O$104,MATCH($B40,'Power Ratings'!$A$5:$A$104,0)),"")) | I40: =IF(OR($B40="",$E40=""),"",IFERROR($E40*INDEX('Power Ratings'!$P$5:$P$104,MATCH($B40,'Power Ratings'!$A$5:$A$104,0)),"")) | J40: =IF(OR($B40="",$E40=""),"",IFERROR($E40*INDEX('Power Ratings'!$Q$5:$Q$104,MATCH($B40,'Power Ratings'!$A$5:$A$104,0)),"")) | K40: =IF(OR($B40="",$E40=""),"",IFERROR($E40*INDEX('Power Ratings'!$R$5:$R$104,MATCH($B40,'Power Ratings'!$A$5:$A$104,0)),"")) | L40: =IF(OR(F40="",K40=""),"",F40*K40)
A43: PSU Summary by Voltage
A44: Voltage | B44: Red A | C44: Green A | D44: Blue A | E44: White A | F44: Max A | G44: Recommended PSU A | H44: Recommended PSU W | J44: Overall | K44: Value
A45: 5 | B45: =SUMIFS($G$9:$G$40,$F$9:$F$40,$A45) -> 0 | C45: =SUMIFS($H$9:$H$40,$F$9:$F$40,$A45) -> 0 | D45: =SUMIFS($I$9:$I$40,$F$9:$F$40,$A45) -> 0 | E45: =SUMIFS($J$9:$J$40,$F$9:$F$40,$A45) -> 0 | F45: =SUMIFS($K$9:$K$40,$F$9:$F$40,$A45) -> 0 | G45: =F45*(1+$B$4) -> 0 | H45: =A45*G45 -> 0 | J45: Total Max Load (W) | K45: =SUM(L9:L40) -> 0
A46: 12 | B46: =SUMIFS($G$9:$G$40,$F$9:$F$40,$A46) -> 0 | C46: =SUMIFS($H$9:$H$40,$F$9:$F$40,$A46) -> 0 | D46: =SUMIFS($I$9:$I$40,$F$9:$F$40,$A46) -> 0 | E46: =SUMIFS($J$9:$J$40,$F$9:$F$40,$A46) -> 0 | F46: =SUMIFS($K$9:$K$40,$F$9:$F$40,$A46) -> 0 | G46: =F46*(1+$B$4) -> 0 | H46: =A46*G46 -> 0 | J46: Recommended Capacity (W) | K46: =SUM(H45:H47) -> 0
A47: 24 | B47: =SUMIFS($G$9:$G$40,$F$9:$F$40,$A47) -> 0 | C47: =SUMIFS($H$9:$H$40,$F$9:$F$40,$A47) -> 0 | D47: =SUMIFS($I$9:$I$40,$F$9:$F$40,$A47) -> 0 | E47: =SUMIFS($J$9:$J$40,$F$9:$F$40,$A47) -> 0 | F47: =SUMIFS($K$9:$K$40,$F$9:$F$40,$A47) -> 0 | G47: =F47*(1+$B$4) -> 0 | H47: =A47*G47 -> 0 | J47: Headroom | K47: =$B$4 -> 0.2
A49: Copy this sheet for each device. Select an LED Rating from the dropdown, enter the number of outputs/runs and LEDs per output, then size the PSU from the Max column plus your chosen headroom. If a design mixes voltage domains, use one PSU summary row per voltage.

Sheet Instructions
A1: LED PSU Sizing Workbook
A3: Workflow
A4: 1 | B4: Measure each LED type on the Power Ratings tab using your bench PSU.
A5: 2 | B5: Measure a useful batch size (often 100 LEDs) and enter the measured quantity.
A6: 3 | B6: Enter the actual bench supply voltage and measured current for Red, Green, Blue, White and Max.
A7: 4 | B7: The workbook divides measured current by measured quantity to calculate per-LED current and power.
A8: 5 | B8: Copy the Device Template tab and rename the copy for each controller/display.
A9: 6 | B9: Select LED types from the dropdown, then enter Outputs/Runs and LEDs per Output.
A10: 7 | B10: The template calculates total current for Red, Green, Blue, White and Max.
A11: 8 | B11: Set PSU Headroom % on each device sheet. Recommended PSU current is based on measured Max current plus headroom.
A13: Measurement notes
A14: Use the same wiring and representative cable lengths where practical. Make sure the bench PSU current limit is not clipping the measurement. For RGB pixels, White is normally full R+G+B; Max is kept as a separate measured field so RGBW/RGBCCT or unusual pixels can have a true worst-case value.

Sheet esp32s3 x16
A1: Device PSU Design Template
A3: Device Name | B3: Copy this sheet and rename it
A4: PSU Headroom | B4: 0.2
A5: Total LEDs | B5: =SUM(E9:E40) -> 1600
A7: Design Lines
A8: Types | B8: LED Rating | C8: Outputs / Runs | D8: LEDs / Output | E8: Total LEDs | F8: Voltage (V) | G8: Red (A) | H8: Green (A) | I8: Blue (A) | J8: White (A) | K8: Max (A) | L8: Max (W) | M8: Notes
A9: 1 | B9: 5V WS2812 Pebble | C9: 16 | D9: 100 | E9: =IF(OR(C9="",D9=""),"",C9*D9) -> 1600 | F9: =IFERROR(INDEX('Power Ratings'!$B$5:$B$104,MATCH($B9,'Power Ratings'!$A$5:$A$104,0)),"") -> 5 | G9: =IF(OR($B9="",$E9=""),"",IFERROR($E9*INDEX('Power Ratings'!$N$5:$N$104,MATCH($B9,'Power Ratings'!$A$5:$A$104,0)),"")) -> 20.8 | H9: =IF(OR($B9="",$E9=""),"",IFERROR($E9*INDEX('Power Ratings'!$O$5:$O$104,MATCH($B9,'Power Ratings'!$A$5:$A$104,0)),"")) -> 20.8 | I9: =IF(OR($B9="",$E9=""),"",IFERROR($E9*INDEX('Power Ratings'!$P$5:$P$104,MATCH($B9,'Power Ratings'!$A$5:$A$104,0)),"")) -> 19.2 | J9: =IF(OR($B9="",$E9=""),"",IFERROR($E9*INDEX('Power Ratings'!$Q$5:$Q$104,MATCH($B9,'Power Ratings'!$A$5:$A$104,0)),"")) -> 38.4 | K9: =IF(OR($B9="",$E9=""),"",IFERROR($E9*INDEX('Power Ratings'!$R$5:$R$104,MATCH($B9,'Power Ratings'!$A$5:$A$104,0)),"")) -> 38.4 | L9: =IF(OR(F9="",K9=""),"",F9*K9) -> 192 | M9: 5V 40A
A10: 2 | E10: =IF(OR(C10="",D10=""),"",C10*D10) | F10: =IFERROR(INDEX('Power Ratings'!$B$5:$B$104,MATCH($B10,'Power Ratings'!$A$5:$A$104,0)),"") | G10: =IF(OR($B10="",$E10=""),"",IFERROR($E10*INDEX('Power Ratings'!$N$5:$N$104,MATCH($B10,'Power Ratings'!$A$5:$A$104,0)),"")) | H10: =IF(OR($B10="",$E10=""),"",IFERROR($E10*INDEX('Power Ratings'!$O$5:$O$104,MATCH($B10,'Power Ratings'!$A$5:$A$104,0)),"")) | I10: =IF(OR($B10="",$E10=""),"",IFERROR($E10*INDEX('Power Ratings'!$P$5:$P$104,MATCH($B10,'Power Ratings'!$A$5:$A$104,0)),"")) | J10: =IF(OR($B10="",$E10=""),"",IFERROR($E10*INDEX('Power Ratings'!$Q$5:$Q$104,MATCH($B10,'Power Ratings'!$A$5:$A$104,0)),"")) | K10: =IF(OR($B10="",$E10=""),"",IFERROR($E10*INDEX('Power Ratings'!$R$5:$R$104,MATCH($B10,'Power Ratings'!$A$5:$A$104,0)),"")) | L10: =IF(OR(F10="",K10=""),"",F10*K10)
A11: 3 | E11: =IF(OR(C11="",D11=""),"",C11*D11) | F11: =IFERROR(INDEX('Power Ratings'!$B$5:$B$104,MATCH($B11,'Power Ratings'!$A$5:$A$104,0)),"") | G11: =IF(OR($B11="",$E11=""),"",IFERROR($E11*INDEX('Power Ratings'!$N$5:$N$104,MATCH($B11,'Power Ratings'!$A$5:$A$104,0)),"")) | H11: =IF(OR($B11="",$E11=""),"",IFERROR($E11*INDEX('Power Ratings'!$O$5:$O$104,MATCH($B11,'Power Ratings'!$A$5:$A$104,0)),"")) | I11: =IF(OR($B11="",$E11=""),"",IFERROR($E11*INDEX('Power Ratings'!$P$5:$P$104,MATCH($B11,'Power Ratings'!$A$5:$A$104,0)),"")) | J11: =IF(OR($B11="",$E11=""),"",IFERROR($E11*INDEX('Power Ratings'!$Q$5:$Q$104,MATCH($B11,'Power Ratings'!$A$5:$A$104,0)),"")) | K11: =IF(OR($B11="",$E11=""),"",IFERROR($E11*INDEX('Power Ratings'!$R$5:$R$104,MATCH($B11,'Power Ratings'!$A$5:$A$104,0)),"")) | L11: =IF(OR(F11="",K11=""),"",F11*K11)
A12: 4 | E12: =IF(OR(C12="",D12=""),"",C12*D12) | F12: =IFERROR(INDEX('Power Ratings'!$B$5:$B$104,MATCH($B12,'Power Ratings'!$A$5:$A$104,0)),"") | G12: =IF(OR($B12="",$E12=""),"",IFERROR($E12*INDEX('Power Ratings'!$N$5:$N$104,MATCH($B12,'Power Ratings'!$A$5:$A$104,0)),"")) | H12: =IF(OR($B12="",$E12=""),"",IFERROR($E12*INDEX('Power Ratings'!$O$5:$O$104,MATCH($B12,'Power Ratings'!$A$5:$A$104,0)),"")) | I12: =IF(OR($B12="",$E12=""),"",IFERROR($E12*INDEX('Power Ratings'!$P$5:$P$104,MATCH($B12,'Power Ratings'!$A$5:$A$104,0)),"")) | J12: =IF(OR($B12="",$E12=""),"",IFERROR($E12*INDEX('Power Ratings'!$Q$5:$Q$104,MATCH($B12,'Power Ratings'!$A$5:$A$104,0)),"")) | K12: =IF(OR($B12="",$E12=""),"",IFERROR($E12*INDEX('Power Ratings'!$R$5:$R$104,MATCH($B12,'Power Ratings'!$A$5:$A$104,0)),"")) | L12: =IF(OR(F12="",K12=""),"",F12*K12)
A13: 5 | E13: =IF(OR(C13="",D13=""),"",C13*D13) | F13: =IFERROR(INDEX('Power Ratings'!$B$5:$B$104,MATCH($B13,'Power Ratings'!$A$5:$A$104,0)),"") | G13: =IF(OR($B13="",$E13=""),"",IFERROR($E13*INDEX('Power Ratings'!$N$5:$N$104,MATCH($B13,'Power Ratings'!$A$5:$A$104,0)),"")) | H13: =IF(OR($B13="",$E13=""),"",IFERROR($E13*INDEX('Power Ratings'!$O$5:$O$104,MATCH($B13,'Power Ratings'!$A$5:$A$104,0)),"")) | I13: =IF(OR($B13="",$E13=""),"",IFERROR($E13*INDEX('Power Ratings'!$P$5:$P$104,MATCH($B13,'Power Ratings'!$A$5:$A$104,0)),"")) | J13: =IF(OR($B13="",$E13=""),"",IFERROR($E13*INDEX('Power Ratings'!$Q$5:$Q$104,MATCH($B13,'Power Ratings'!$A$5:$A$104,0)),"")) | K13: =IF(OR($B13="",$E13=""),"",IFERROR($E13*INDEX('Power Ratings'!$R$5:$R$104,MATCH($B13,'Power Ratings'!$A$5:$A$104,0)),"")) | L13: =IF(OR(F13="",K13=""),"",F13*K13)
A14: 6 | E14: =IF(OR(C14="",D14=""),"",C14*D14) | F14: =IFERROR(INDEX('Power Ratings'!$B$5:$B$104,MATCH($B14,'Power Ratings'!$A$5:$A$104,0)),"") | G14: =IF(OR($B14="",$E14=""),"",IFERROR($E14*INDEX('Power Ratings'!$N$5:$N$104,MATCH($B14,'Power Ratings'!$A$5:$A$104,0)),"")) | H14: =IF(OR($B14="",$E14=""),"",IFERROR($E14*INDEX('Power Ratings'!$O$5:$O$104,MATCH($B14,'Power Ratings'!$A$5:$A$104,0)),"")) | I14: =IF(OR($B14="",$E14=""),"",IFERROR($E14*INDEX('Power Ratings'!$P$5:$P$104,MATCH($B14,'Power Ratings'!$A$5:$A$104,0)),"")) | J14: =IF(OR($B14="",$E14=""),"",IFERROR($E14*INDEX('Power Ratings'!$Q$5:$Q$104,MATCH($B14,'Power Ratings'!$A$5:$A$104,0)),"")) | K14: =IF(OR($B14="",$E14=""),"",IFERROR($E14*INDEX('Power Ratings'!$R$5:$R$104,MATCH($B14,'Power Ratings'!$A$5:$A$104,0)),"")) | L14: =IF(OR(F14="",K14=""),"",F14*K14)
A15: 7 | E15: =IF(OR(C15="",D15=""),"",C15*D15) | F15: =IFERROR(INDEX('Power Ratings'!$B$5:$B$104,MATCH($B15,'Power Ratings'!$A$5:$A$104,0)),"") | G15: =IF(OR($B15="",$E15=""),"",IFERROR($E15*INDEX('Power Ratings'!$N$5:$N$104,MATCH($B15,'Power Ratings'!$A$5:$A$104,0)),"")) | H15: =IF(OR($B15="",$E15=""),"",IFERROR($E15*INDEX('Power Ratings'!$O$5:$O$104,MATCH($B15,'Power Ratings'!$A$5:$A$104,0)),"")) | I15: =IF(OR($B15="",$E15=""),"",IFERROR($E15*INDEX('Power Ratings'!$P$5:$P$104,MATCH($B15,'Power Ratings'!$A$5:$A$104,0)),"")) | J15: =IF(OR($B15="",$E15=""),"",IFERROR($E15*INDEX('Power Ratings'!$Q$5:$Q$104,MATCH($B15,'Power Ratings'!$A$5:$A$104,0)),"")) | K15: =IF(OR($B15="",$E15=""),"",IFERROR($E15*INDEX('Power Ratings'!$R$5:$R$104,MATCH($B15,'Power Ratings'!$A$5:$A$104,0)),"")) | L15: =IF(OR(F15="",K15=""),"",F15*K15)
A16: 8 | E16: =IF(OR(C16="",D16=""),"",C16*D16) | F16: =IFERROR(INDEX('Power Ratings'!$B$5:$B$104,MATCH($B16,'Power Ratings'!$A$5:$A$104,0)),"") | G16: =IF(OR($B16="",$E16=""),"",IFERROR($E16*INDEX('Power Ratings'!$N$5:$N$104,MATCH($B16,'Power Ratings'!$A$5:$A$104,0)),"")) | H16: =IF(OR($B16="",$E16=""),"",IFERROR($E16*INDEX('Power Ratings'!$O$5:$O$104,MATCH($B16,'Power Ratings'!$A$5:$A$104,0)),"")) | I16: =IF(OR($B16="",$E16=""),"",IFERROR($E16*INDEX('Power Ratings'!$P$5:$P$104,MATCH($B16,'Power Ratings'!$A$5:$A$104,0)),"")) | J16: =IF(OR($B16="",$E16=""),"",IFERROR($E16*INDEX('Power Ratings'!$Q$5:$Q$104,MATCH($B16,'Power Ratings'!$A$5:$A$104,0)),"")) | K16: =IF(OR($B16="",$E16=""),"",IFERROR($E16*INDEX('Power Ratings'!$R$5:$R$104,MATCH($B16,'Power Ratings'!$A$5:$A$104,0)),"")) | L16: =IF(OR(F16="",K16=""),"",F16*K16)
A17: 9 | E17: =IF(OR(C17="",D17=""),"",C17*D17) | F17: =IFERROR(INDEX('Power Ratings'!$B$5:$B$104,MATCH($B17,'Power Ratings'!$A$5:$A$104,0)),"") | G17: =IF(OR($B17="",$E17=""),"",IFERROR($E17*INDEX('Power Ratings'!$N$5:$N$104,MATCH($B17,'Power Ratings'!$A$5:$A$104,0)),"")) | H17: =IF(OR($B17="",$E17=""),"",IFERROR($E17*INDEX('Power Ratings'!$O$5:$O$104,MATCH($B17,'Power Ratings'!$A$5:$A$104,0)),"")) | I17: =IF(OR($B17="",$E17=""),"",IFERROR($E17*INDEX('Power Ratings'!$P$5:$P$104,MATCH($B17,'Power Ratings'!$A$5:$A$104,0)),"")) | J17: =IF(OR($B17="",$E17=""),"",IFERROR($E17*INDEX('Power Ratings'!$Q$5:$Q$104,MATCH($B17,'Power Ratings'!$A$5:$A$104,0)),"")) | K17: =IF(OR($B17="",$E17=""),"",IFERROR($E17*INDEX('Power Ratings'!$R$5:$R$104,MATCH($B17,'Power Ratings'!$A$5:$A$104,0)),"")) | L17: =IF(OR(F17="",K17=""),"",F17*K17)
A18: 10 | E18: =IF(OR(C18="",D18=""),"",C18*D18) | F18: =IFERROR(INDEX('Power Ratings'!$B$5:$B$104,MATCH($B18,'Power Ratings'!$A$5:$A$104,0)),"") | G18: =IF(OR($B18="",$E18=""),"",IFERROR($E18*INDEX('Power Ratings'!$N$5:$N$104,MATCH($B18,'Power Ratings'!$A$5:$A$104,0)),"")) | H18: =IF(OR($B18="",$E18=""),"",IFERROR($E18*INDEX('Power Ratings'!$O$5:$O$104,MATCH($B18,'Power Ratings'!$A$5:$A$104,0)),"")) | I18: =IF(OR($B18="",$E18=""),"",IFERROR($E18*INDEX('Power Ratings'!$P$5:$P$104,MATCH($B18,'Power Ratings'!$A$5:$A$104,0)),"")) | J18: =IF(OR($B18="",$E18=""),"",IFERROR($E18*INDEX('Power Ratings'!$Q$5:$Q$104,MATCH($B18,'Power Ratings'!$A$5:$A$104,0)),"")) | K18: =IF(OR($B18="",$E18=""),"",IFERROR($E18*INDEX('Power Ratings'!$R$5:$R$104,MATCH($B18,'Power Ratings'!$A$5:$A$104,0)),"")) | L18: =IF(OR(F18="",K18=""),"",F18*K18)
A19: 11 | E19: =IF(OR(C19="",D19=""),"",C19*D19) | F19: =IFERROR(INDEX('Power Ratings'!$B$5:$B$104,MATCH($B19,'Power Ratings'!$A$5:$A$104,0)),"") | G19: =IF(OR($B19="",$E19=""),"",IFERROR($E19*INDEX('Power Ratings'!$N$5:$N$104,MATCH($B19,'Power Ratings'!$A$5:$A$104,0)),"")) | H19: =IF(OR($B19="",$E19=""),"",IFERROR($E19*INDEX('Power Ratings'!$O$5:$O$104,MATCH($B19,'Power Ratings'!$A$5:$A$104,0)),"")) | I19: =IF(OR($B19="",$E19=""),"",IFERROR($E19*INDEX('Power Ratings'!$P$5:$P$104,MATCH($B19,'Power Ratings'!$A$5:$A$104,0)),"")) | J19: =IF(OR($B19="",$E19=""),"",IFERROR($E19*INDEX('Power Ratings'!$Q$5:$Q$104,MATCH($B19,'Power Ratings'!$A$5:$A$104,0)),"")) | K19: =IF(OR($B19="",$E19=""),"",IFERROR($E19*INDEX('Power Ratings'!$R$5:$R$104,MATCH($B19,'Power Ratings'!$A$5:$A$104,0)),"")) | L19: =IF(OR(F19="",K19=""),"",F19*K19)
A20: 12 | E20: =IF(OR(C20="",D20=""),"",C20*D20) | F20: =IFERROR(INDEX('Power Ratings'!$B$5:$B$104,MATCH($B20,'Power Ratings'!$A$5:$A$104,0)),"") | G20: =IF(OR($B20="",$E20=""),"",IFERROR($E20*INDEX('Power Ratings'!$N$5:$N$104,MATCH($B20,'Power Ratings'!$A$5:$A$104,0)),"")) | H20: =IF(OR($B20="",$E20=""),"",IFERROR($E20*INDEX('Power Ratings'!$O$5:$O$104,MATCH($B20,'Power Ratings'!$A$5:$A$104,0)),"")) | I20: =IF(OR($B20="",$E20=""),"",IFERROR($E20*INDEX('Power Ratings'!$P$5:$P$104,MATCH($B20,'Power Ratings'!$A$5:$A$104,0)),"")) | J20: =IF(OR($B20="",$E20=""),"",IFERROR($E20*INDEX('Power Ratings'!$Q$5:$Q$104,MATCH($B20,'Power Ratings'!$A$5:$A$104,0)),"")) | K20: =IF(OR($B20="",$E20=""),"",IFERROR($E20*INDEX('Power Ratings'!$R$5:$R$104,MATCH($B20,'Power Ratings'!$A$5:$A$104,0)),"")) | L20: =IF(OR(F20="",K20=""),"",F20*K20)
A21: 13 | E21: =IF(OR(C21="",D21=""),"",C21*D21) | F21: =IFERROR(INDEX('Power Ratings'!$B$5:$B$104,MATCH($B21,'Power Ratings'!$A$5:$A$104,0)),"") | G21: =IF(OR($B21="",$E21=""),"",IFERROR($E21*INDEX('Power Ratings'!$N$5:$N$104,MATCH($B21,'Power Ratings'!$A$5:$A$104,0)),"")) | H21: =IF(OR($B21="",$E21=""),"",IFERROR($E21*INDEX('Power Ratings'!$O$5:$O$104,MATCH($B21,'Power Ratings'!$A$5:$A$104,0)),"")) | I21: =IF(OR($B21="",$E21=""),"",IFERROR($E21*INDEX('Power Ratings'!$P$5:$P$104,MATCH($B21,'Power Ratings'!$A$5:$A$104,0)),"")) | J21: =IF(OR($B21="",$E21=""),"",IFERROR($E21*INDEX('Power Ratings'!$Q$5:$Q$104,MATCH($B21,'Power Ratings'!$A$5:$A$104,0)),"")) | K21: =IF(OR($B21="",$E21=""),"",IFERROR($E21*INDEX('Power Ratings'!$R$5:$R$104,MATCH($B21,'Power Ratings'!$A$5:$A$104,0)),"")) | L21: =IF(OR(F21="",K21=""),"",F21*K21)
... A40: 32 | E40: =IF(OR(C40="",D40=""),"",C40*D40) | F40: =IFERROR(INDEX('Power Ratings'!$B$5:$B$104,MATCH($B40,'Power Ratings'!$A$5:$A$104,0)),"") | G40: =IF(OR($B40="",$E40=""),"",IFERROR($E40*INDEX('Power Ratings'!$N$5:$N$104,MATCH($B40,'Power Ratings'!$A$5:$A$104,0)),"")) | H40: =IF(OR($B40="",$E40=""),"",IFERROR($E40*INDEX('Power Ratings'!$O$5:$O$104,MATCH($B40,'Power Ratings'!$A$5:$A$104,0)),"")) | I40: =IF(OR($B40="",$E40=""),"",IFERROR($E40*INDEX('Power Ratings'!$P$5:$P$104,MATCH($B40,'Power Ratings'!$A$5:$A$104,0)),"")) | J40: =IF(OR($B40="",$E40=""),"",IFERROR($E40*INDEX('Power Ratings'!$Q$5:$Q$104,MATCH($B40,'Power Ratings'!$A$5:$A$104,0)),"")) | K40: =IF(OR($B40="",$E40=""),"",IFERROR($E40*INDEX('Power Ratings'!$R$5:$R$104,MATCH($B40,'Power Ratings'!$A$5:$A$104,0)),"")) | L40: =IF(OR(F40="",K40=""),"",F40*K40)
A43: PSU Summary by Voltage
A44: Voltage | B44: Red A | C44: Green A | D44: Blue A | E44: White A | F44: Max A | G44: Recommended PSU A | H44: Recommended PSU W | J44: Overall | K44: Value
A45: 5 | B45: =SUMIFS($G$9:$G$40,$F$9:$F$40,$A45) -> 20.8 | C45: =SUMIFS($H$9:$H$40,$F$9:$F$40,$A45) -> 20.8 | D45: =SUMIFS($I$9:$I$40,$F$9:$F$40,$A45) -> 19.2 | E45: =SUMIFS($J$9:$J$40,$F$9:$F$40,$A45) -> 38.4 | F45: =SUMIFS($K$9:$K$40,$F$9:$F$40,$A45) -> 38.4 | G45: =F45*(1+$B$4) -> 46.08 | H45: =A45*G45 -> 230.4 | J45: Total Max Load (W) | K45: =SUM(L9:L40) -> 192
A46: 12 | B46: =SUMIFS($G$9:$G$40,$F$9:$F$40,$A46) -> 0 | C46: =SUMIFS($H$9:$H$40,$F$9:$F$40,$A46) -> 0 | D46: =SUMIFS($I$9:$I$40,$F$9:$F$40,$A46) -> 0 | E46: =SUMIFS($J$9:$J$40,$F$9:$F$40,$A46) -> 0 | F46: =SUMIFS($K$9:$K$40,$F$9:$F$40,$A46) -> 0 | G46: =F46*(1+$B$4) -> 0 | H46: =A46*G46 -> 0 | J46: Recommended Capacity (W) | K46: =SUM(H45:H47) -> 230.4
A47: 24 | B47: =SUMIFS($G$9:$G$40,$F$9:$F$40,$A47) -> 0 | C47: =SUMIFS($H$9:$H$40,$F$9:$F$40,$A47) -> 0 | D47: =SUMIFS($I$9:$I$40,$F$9:$F$40,$A47) -> 0 | E47: =SUMIFS($J$9:$J$40,$F$9:$F$40,$A47) -> 0 | F47: =SUMIFS($K$9:$K$40,$F$9:$F$40,$A47) -> 0 | G47: =F47*(1+$B$4) -> 0 | H47: =A47*G47 -> 0 | J47: Headroom | K47: =$B$4 -> 0.2
A49: Copy this sheet for each device. Select an LED Rating from the dropdown, enter the number of outputs/runs and LEDs per output, then size the PSU from the Max column plus your chosen headroom. If a design mixes voltage domains, use one PSU summary row per voltage.
